"Date","Domaine","Source","URL","Extrait 300 car.","Mots-clés trouvés","Nature","Statut","Date revue","Note"
"2026-07-28","Eau / Assainissement","CNDJ — Bibliothèque juridique","https://biblio.cndj.ci/search/textes/67669?type=1","LOI N° 2025-527 du 25/06/2025, portant Code de l'Assainissement et du Drainage","assainissement; drainage","Texte réglementaire","À analyser","",""
"2026-07-28","Environnement","CNDJ — Bibliothèque juridique","https://biblio.cndj.ci/search/textes/67670?type=1","LOI N° 2025-528 du 25/06/2025, relative à la lutte contre les changements climatiques","changement climatique","Texte réglementaire","À analyser","",""
"2026-07-28","Énergie","CNDJ — Bibliothèque juridique","https://biblio.cndj.ci/search/textes/67622?type=1","ORDONNANCE N° 2025-405 du 18/06/2025, portant abrogation de l'ordonnance n°2018-643 du 1er août 2018 instituant la taxe de soutien au Développement de l'Activité de Raffinage","raffinage","Texte réglementaire","À analyser","",""
"2026-07-28","Énergie","Ministère des Mines, du Pétrole et de l'Énergie","https://www.energie.gouv.ci/document/arrete-interministeriel-n-156-mmpe-mclu-mt-mineddte-mci-du-23-avril-2024-portant-audit-energetique","Arrêté interministériel n° 156 MMPE MCLU MT MINEDDTE MCI du 23 avril 2024 portant audit énergétique Ressources #4 Le nouveau magazine du ministère Lire Ressources #4 À propos Historique Le Ministre Missions et organisation Actualités Ministère Mines Pétrole Énergies Mines Politique minière…","audit energetique","Texte réglementaire","À analyser","",""
"2026-07-28","Environnement","Ministère de l'Environnement et de la Transition Écologique","https://www.environnement.gouv.ci/uploads/publications/177332357270.pdf","LOI N°2023-900 DU 23 NOVEMBRE 2023 PORTANT CODE DE L'ENVIRONNEMENT DECRET N° 2024-658 DU 01 AOUT 2024 PORTANT CREATION, ATTRIBUTIONS, ... DECRET N° 2024-594 DU 26 JUIN 2024 PORTANT CREATION, ATTRIBUTIONS, ... DECRET N 2024-595 DU 26 JUIN 2024 DETERMINANT LES REGLES ... ARRETE N 00236/MINEDD/DGE du…","code de l'environnement; environnement","Texte réglementaire","À analyser","",""
"2026-07-28","SST / Travail","Loidici — veille juridique ivoirienne","https://loidici.biz/2026/05/23/les-mesures-generales-dhygiene-en-milieu-de-travail/bon-a-savoir/76831/naty/","DECRET RELATIF AUX MESURES GENERALES D’HYGIENE EN MILIEU DE TRAVAIL BON A SAVOIR LE CODE DE L’ASSAINISSEMENT ET DU DRAINAGE BON A SAVOIR DES CODES JURIDIQUES… LOIDICI.BIZ ou ""Lois d'ici (Côte d'Ivoire)"" traite des… DROIT DES AFFAIRES ET… LOIDICI.BIZ ou ""Lois d'ici (Côte d'Ivoire)"" traite des……","hygiene en milieu de travail; assainissement; drainage; hygiene","Texte réglementaire","À analyser","",""
"2026-07-28","Eau / Assainissement","Loidici — veille juridique ivoirienne","https://loidici.biz/2026/05/14/le-code-de-lassainissement-et-du-drainage/bon-a-savoir/76459/naty/","LE CODE DE L’ASSAINISSEMENT ET DU DRAINAGE BON A SAVOIR DES CODES JURIDIQUES… LOIDICI.BIZ ou ""Lois d'ici (Côte d'Ivoire)"" traite des… DROIT DES AFFAIRES ET… LOIDICI.BIZ ou ""Lois d'ici (Côte d'Ivoire)"" traite des… DROIT DES PERSONNES ET… LOIDICI.BIZ ou ""Lois d'ici (Côte d'Ivoire)"" traite des… EN…","assainissement; drainage","Texte réglementaire","À analyser","",""
"2026-07-28","Environnement","Portail officiel du Gouvernement","https://www.gouv.ci/actualite/ecologie-et-changements-climatiques-le-ministre-abou-bamba-reaffirme-lambition-ecologique-de-la-cote-divoire-a-la-8e-edition-des-jfac-3171","Société ÉCOLOGIE ET CHANGEMENTS CLIMATIQUES : LE MINISTRE ABOU BAMBA RÉAFFIRME L'AMBITION ÉCOLOGIQUE DE LA CÔTE D'IVOIRE A LA 8E ÉDITION DES JFAC lundi 06 juillet 2026 Société LEVEE DE LA MISE EN DEMEURE VISANT SUCAF-CI : LE MINISTRE ABOU BAMBA RASSURE SUR LA REUSSITE DES OPERATIONS DE DEPOLLUTION…","depollution; changement climatique","Acte administratif","À analyser","",""
"2026-07-28","Environnement","Portail officiel du Gouvernement","https://www.gouv.ci/actualite/levee-de-la-mise-en-demeure-visant-sucaf-ci-le-ministre-abou-bamba-rassure-sur-la-reussite-des-operations-de-depollution-6213","Société LEVEE DE LA MISE EN DEMEURE VISANT SUCAF-CI : LE MINISTRE ABOU BAMBA RASSURE SUR LA REUSSITE DES OPERATIONS DE DEPOLLUTION lundi 06 juillet 2026 Économie TRANSITION ÉNERGÉTIQUE : TÉNÉ BIRAHIMA OUATTARA INAUGURE FERKÉ SOLAR, D’UNE PUISSANCE INSTALLÉE DE 52 MÉGAWATTS-CRÊTE dimanche 05…","depollution","Acte administratif","À analyser","",""
"2026-07-28","Environnement","Ministère de l'Environnement et de la Transition Écologique","https://www.environnement.gouv.ci/actualite/616","Environnement FERKESSÉDOUGOU / SUCAF-CI : LE MINISTRE ABOU BAMBA ANNONCE LA LEVÉE DE LA MISE EN DEMEURE DE LA SOCIÉTÉ SUCRIÈRE APRÈS LA RÉUSSITE DES OPÉRATIONS DE DÉPOLLUTION Vendredi 03 Juillet 2026 Environnement LE FONDS VERT POUR LE CLIMAT OCTROIE 50 MILLIONS DE DOLLARS A LA CÔTE D’IVOIRE POUR…","depollution; environnement","Acte administratif","À analyser","",""
"2026-07-28","Incendie / Sécurité","ONPC — Office National de la Protection Civile","https://www.onpc-ci.org/actualite/lonpc-sensibilise-les-acteurs-du-tourisme-sur-le-certificat-de-securite-incendie-a-daoukro-adzope-et-agboville","L’ONPC SENSIBILISE LES ACTEURS DU TOURISME SUR LE CERTIFICAT DE SECURITE INCENDIE A DAOUKRO, ADZOPE ET AGBOVILLE L'Office National de la Protection Civile (ONPC), à travers son Département de la Prévention et du Contrôle (DPC), a poursuivi sa campagne nationale de sensibilisation à la sécurité…","securite incendie; incendie; certificat de securite; protection civile; onpc; securite; prevention; protection","Acte administratif","À analyser","",""
"2026-08-07","Environnement","Ministère de l'Environnement et de la Transition Écologique","https://www.environnement.gouv.ci/actualite/626","Développement Durable POLLUTION PLASTIQUE : LE MINISTRE ABOU BAMBA ANNONCE LA CONSTRUCTION D'UNE MÉGA-USINE DE RECYCLAGE À SIKENSI Jeudi 06 Août 2026 Développement Durable ABENGOUROU / REFORESTATION : LE MINISTRE ABOU BAMBA LANCE UN PROJET DE 250 000 ARBRES POUR SOUTENIR LES COMMUNAUTÉS. Jeudi 30…","pollution; recyclage","Signal de veille","À analyser","",""
"2026-08-01","Environnement","Ministère de l'Environnement et de la Transition Écologique","https://www.environnement.gouv.ci/actualite/624","Environnement 25ᵉ JOURNÉE SCIENTIFIQUE DU SYNACASS-CI : LE MINISTRE ABOU BAMBA ENGAGE LA MOBILISATION CONTRE LES RISQUES SANITAIRES LIÉS AUX POLLUTIONS ENVIRONNEMENTALES Jeudi 30 Juillet 2026 Environnement MECANISME LOCAL : UNE MISSION DE TERRAIN POUR RENFORCER LA PLANIFICATION LOCALE DE…","pollution; sanitaire; risque; environnement","Signal de veille","À analyser","",""
"2026-08-01","Environnement","Ministère de l'Environnement et de la Transition Écologique","https://www.environnement.gouv.ci/actualite/623","Environnement MECANISME LOCAL : UNE MISSION DE TERRAIN POUR RENFORCER LA PLANIFICATION LOCALE DE L’ADAPTATION AU CHANGEMENT CLIMATIQUE Jeudi 30 Juillet 2026 Développement Durable SISE 2026 : LES COLLECTIVITES TERRITORIALES APPELEES A RENFORCER LEUR ROLE DANS LA LUTTE CONTRE LE CHANGEMENT…","changement climatique; environnement","Signal de veille","À analyser","",""
"2026-07-31","Environnement","Ministère de l'Environnement et de la Transition Écologique","https://www.environnement.gouv.ci/actualite/622","Développement Durable SISE 2026 : LES COLLECTIVITES TERRITORIALES APPELEES A RENFORCER LEUR ROLE DANS LA LUTTE CONTRE LE CHANGEMENT CLIMATIQUE Mercredi 29 Juillet 2026 Environnement ADAPTATION AUX CHANGEMENTS CLIMATIQUES : LE PROGRAMME NATIONAL CHANGEMENTS CLIMATIQUES RENFORCE LES CAPACITÉS DES…","changement climatique; environnement","Signal de veille","À analyser","",""
"2026-07-28","Eau / Assainissement","Portail officiel du Gouvernement","https://www.gouv.ci/actualite/fete-de-lindependance-2026-le-ministre-amede-koffi-kouakou-evalue-les-dispositifs-deau-dassainissement-et-de-salubrite-3040","Société FETE DE L'INDEPENDANCE 2026 : LE MINISTRE AMEDE KOFFI KOUAKOU EVALUE LES DISPOSITIFS D'EAU, D’ASSAINISSEMENT ET DE SALUBRITE vendredi 24 juillet 2026 Économie PROJET D'AMENAGEMENT DES MARCHES DE BOUAKE ET DE YOPOUGON : L’AFD APPORTE UN FINANCEMENT COMPLEMENTAIRE jeudi 23 juillet 2026…","assainissement; salubrite","Signal de veille","À analyser","",""
"2026-07-28","Environnement","Ministère de l'Environnement et de la Transition Écologique","https://www.environnement.gouv.ci/actualite/621","Environnement ADAPTATION AUX CHANGEMENTS CLIMATIQUES : LE PROGRAMME NATIONAL CHANGEMENTS CLIMATIQUES RENFORCE LES CAPACITÉS DES ACTEURS LOCAUX AUTOUR DU MÉCANISME LOCAL Mardi 21 Juillet 2026 Développement Durable 2EME EDITION DU SISE 2026 : LE MINISTRE ABOU BAMBA APPELLE LES COLLECTIVITES A PASSER…","changement climatique; environnement","Signal de veille","À analyser","",""
"2026-07-28","Incendie / Sécurité","Portail officiel du Gouvernement","https://www.gouv.ci/actualite/protection-civile-lonpc-met-en-avant-son-dispositif-de-prevention-de-secours-et-de-sensibilisation-pendant-la-saison-des-pluies-2026-0030","Société PROTECTION CIVILE : L’ONPC MET EN AVANT SON DISPOSITIF DE PREVENTION, DE SECOURS ET DE SENSIBILISATION PENDANT LA SAISON DES PLUIES 2026 mardi 07 juillet 2026 Éducation BACCALAURÉAT SESSION 2026: 122 360 ADMIS SUR 301 364 CANDIDATS PRÉSENTS, SOIT UN TAUX DE RÉUSSITE NATIONAL DE 40,6 %…","protection civile; onpc; prevention; protection","Signal de veille","À analyser","",""
"2026-07-28","Incendie / Sécurité","Portail officiel du Gouvernement","https://www.gouv.ci/actualite/protection-civile-tout-savoir-sur-les-dispositifs-deployes-pendant-la-saison-des-pluies-ce-7-juillet-2026-9393","Société PROTECTION CIVILE : TOUT SAVOIR SUR LES DISPOSITIFS DEPLOYES PENDANT LA SAISON DES PLUIES, CE 7 JUILLET 2026 lundi 06 juillet 2026 Société ALOKO-DJESSEKRO : LE GOUVERNEMENT RAPPROCHE L’ACCÈS À L’EAU POTABLE DES POPULATIONS lundi 06 juillet 2026 Société ENGAGEMENT NATIONAL CONTRE LES…","eau potable; protection civile; protection","Signal de veille","À analyser","",""
"2026-07-28","Environnement","Ministère de l'Environnement et de la Transition Écologique","https://www.environnement.gouv.ci/actualite/606","Développement Durable JOURNEE INTERNATIONALE DE LA BIODIVERSITE : ABOU BAMBA APPELLE A UNE MOBILISATION GENERALE POUR SAUVER LE PATRIMOINE NATUREL IVOIRIEN Jeudi 11 Juin 2026 Environnement 12ᵉ ÉDITION DU PLAN POLLUMAR : LA CÔTE D’IVOIRE RENFORCE SON DISPOSITIF DE LUTTE CONTRE LES POLLUTIONS…","pollution; biodiversite; environnement","Signal de veille","À analyser","",""
"2026-07-28","Environnement","Ministère de l'Environnement et de la Transition Écologique","https://www.environnement.gouv.ci/actualite/605","Environnement 12ᵉ ÉDITION DU PLAN POLLUMAR : LA CÔTE D’IVOIRE RENFORCE SON DISPOSITIF DE LUTTE CONTRE LES POLLUTIONS MARINES DANS LA RÉGION DE SAN PEDRO Jeudi 11 Juin 2026 Environnement QNEC 2026 À SASSANDRA : LE MINISTRE ABOU BAMBA RÉAFFIRME L’OBJECTIF DE RESTAURER 30 000 HECTARES DE MANGROVES EN…","pollution; mangrove; environnement","Signal de veille","À analyser","",""
"2026-07-28","Environnement","Ministère de l'Environnement et de la Transition Écologique","https://www.environnement.gouv.ci/actualite/604","Environnement QNEC 2026 À SASSANDRA : LE MINISTRE ABOU BAMBA RÉAFFIRME L’OBJECTIF DE RESTAURER 30 000 HECTARES DE MANGROVES EN CÔTE D’IVOIRE Mercredi 10 Juin 2026 Environnement STABILISATION DU CORDON SABLEUX DE GRAND-LAHOU : LE GOUVERNEMENT MET FIN À PLUS DE 50 ANS DE CALVAIRE DES POPULATIONS…","mangrove; environnement","Signal de veille","À analyser","",""
"2026-07-28","Environnement","Portail officiel du Gouvernement","https://www.gouv.ci/actualite/environnement-et-transition-ecologique-tout-savoir-sur-la-lutte-contre-les-effets-nefastes-du-changement-climatique-en-cote-divoire-1957","Société ENVIRONNEMENT ET TRANSITION ECOLOGIQUE : ""TOUT SAVOIR SUR"" LA LUTTE CONTRE LES EFFETS NEFASTES DU CHANGEMENT CLIMATIQUE EN COTE D’IVOIRE lundi 08 juin 2026 Société URBANISME : LE FONCIER URBAIN EN COTE D’IVOIRE AU CENTRE DU GOUV'SPACE, CE JEUDI 11 JUIN 2026 lundi 08 juin 2026 Société LUTTE…","changement climatique; environnement","Signal de veille","À analyser","",""
"2026-07-28","Environnement","Ministère de l'Environnement et de la Transition Écologique","https://www.environnement.gouv.ci/actualite/597","Environnement CHANGEMENT CLIMATIQUE : LA CÔTE D’IVOIRE SOUMET UN PROJET DE 20 MILLIONS USD AU FONDS POUR LES PERTES ET PRÉJUDICES Jeudi 04 Juin 2026 Environnement POLLUANTS ORGANIQUES PERSISTANTS : LA COTE D’IVOIRE ACTUALISE SA STRATEGIE NATIONALE POUR RENFORCER LA PROTECTION DE L’ENVIRONNEMENT…","protection de l'environnement; polluant; changement climatique; polluant organique persistant; environnement; protection","Signal de veille","À analyser","",""
"2026-07-28","Environnement","Ministère de l'Environnement et de la Transition Écologique","https://www.environnement.gouv.ci/actualite/596","Environnement POLLUANTS ORGANIQUES PERSISTANTS : LA COTE D’IVOIRE ACTUALISE SA STRATEGIE NATIONALE POUR RENFORCER LA PROTECTION DE L’ENVIRONNEMENT Lundi 01 Juin 2026 Environnement ENVIRONNEMENT : LE MINISTRE ABOU BAMBA RÉAFFIRME LA FERMETÉ DU GOUVERNEMENT APRÈS L’INCIDENT DE SUCAFCI Vendredi 22…","protection de l'environnement; polluant; polluant organique persistant; environnement; protection","Signal de veille","À analyser","",""
"2026-07-28","Déchets","Portail officiel du Gouvernement","https://www.gouv.ci/actualite/dechets-a-abidjan-le-ministre-de-lassainissement-et-de-la-salubrite-amede-koffi-kouakou-donne-72-heures-pour-retablir-la-situation-9415","Société DÉCHETS A ABIDJAN : LE MINISTRE DE L’ASSAINISSEMENT ET DE LA SALUBRITÉ, AMÉDÉ KOFFI KOUAKOU, DONNE 72 HEURES POUR RÉTABLIR LA SITUATION lundi 01 juin 2026 Société COLONEL MARIUS YEO, DIRECTEUR DES SECOURS A L'OFFICE NATIONAL DE LA PROTECTION CIVILE (ONPC)... dimanche 31 mai 2026 Société…","dechet; assainissement; protection civile; onpc; salubrite; protection","Signal de veille","À analyser","",""
"2026-07-28","Incendie / Sécurité","Portail officiel du Gouvernement","https://www.gouv.ci/actualite/colonel-marius-yeo-directeur-des-secours-a-loffice-national-de-la-protection-civile-onpc-0176","Société COLONEL MARIUS YEO, DIRECTEUR DES SECOURS A L'OFFICE NATIONAL DE LA PROTECTION CIVILE (ONPC)... dimanche 31 mai 2026 Société EAU POTABLE : LE GOUVERNEMENT INVESTIT DANS DE NOUVELLES STATIONS DE TRAITEMENT samedi 30 mai 2026 Société RESTITUTION DU DOCUMENT PNIPEI : LE MINISTRE ADAMA KAMARA…","eau potable; protection civile; onpc; protection","Signal de veille","À analyser","",""
"2026-07-28","Environnement","Ministère de l'Environnement et de la Transition Écologique","https://www.environnement.gouv.ci/actualite/594","Développement Durable JOURNÉE INTERNATIONALE DE LA BIODIVERSITÉ : LA DÉCLARATION DU GOUVERNEMENT PRONONCÉE PAR LE MINISTRE ABOU BAMBA Vendredi 22 Mai 2026 Environnement ENVIRONNEMENT : PLUS DE 110 MILLIONS DE FCFA D’ÉQUIPEMENTS REMIS À L’UNIVERSITÉ FÉLIX HOUPHOUËT-BOIGNY DE COCODY Jeudi 21 Mai…","biodiversite; environnement","Signal de veille","À analyser","",""
"2026-07-28","Environnement","Portail officiel du Gouvernement","https://www.gouv.ci/actualite/ciapol-le-respect-des-normes-environnementales-la-prevention-des-pollutions-et-la-promotion-dun-developpement-industriel-durable-au-centre-dun-atelier-a-abengourou-3614","Société CIAPOL : LE RESPECT DES NORMES ENVIRONNEMENTALES, LA PRÉVENTION DES POLLUTIONS ET LA PROMOTION D’UN DÉVELOPPEMENT INDUSTRIEL DURABLE AU CENTRE D’UN ATELIER A ABENGOUROU vendredi 22 mai 2026 Société COMITÉS LOCAUX DE LA COUVERTURE MALADIE UNIVERSELLE : LE MINISTRE ADAMA KAMARA SALUE…","pollution; prevention","Signal de veille","À analyser","",""
"2026-07-28","Environnement","Portail officiel du Gouvernement","https://www.gouv.ci/actualite/quinzaine-nationale-de-lenvironnement-et-du-climat-2026-les-auteurs-de-pollution-et-de-destruction-appeles-a-un-changement-de-comportement-2385","Société QUINZAINE NATIONALE DE L’ENVIRONNEMENT ET DU CLIMAT 2026 : LES AUTEURS DE POLLUTION ET DE DESTRUCTION APPELÉS A UN CHANGEMENT DE COMPORTEMENT dimanche 10 mai 2026 Santé SANTE MATERNELLE ET INFANTILE : DES INFRASTRUCTURES CONSTRUITES POUR LA SANTE DU COUPLE MERE-ENFANT samedi 09 mai 2026…","pollution; environnement","Signal de veille","À analyser","",""
"2026-07-28","Environnement","Ministère de l'Environnement et de la Transition Écologique","https://www.environnement.gouv.ci/actualite/587","Évènement CONSERVATION DE LA BIODIVERSITÉ : LE MINISTRE ABOU BAMBA ANNONCE LA CRÉATION PROCHAINE DE 5 AIRES MARINES PROTÉGÉES D’ICI 2039 Lundi 04 Mai 2026 Environnement CONTRÔLE ENVIRONNEMENTAL : TOLÉRANCE ZÉRO, LES CIMENTERIES ET BÉTONNIERS SOMMÉS DE SE CONFORMER Mardi 05 Mai 2026 Évènement QNEC…","biodiversite; environnement","Signal de veille","À analyser","",""
"2026-07-28","Incendie / Sécurité","Portail officiel du Gouvernement","https://www.gouv.ci/actualite/protection-civile-le-gouvernement-renforce-le-dispositif-pour-faire-face-a-la-multiplication-des-risques-0883","Société PROTECTION CIVILE : LE GOUVERNEMENT RENFORCE LE DISPOSITIF POUR FAIRE FACE A LA MULTIPLICATION DES RISQUES lundi 04 mai 2026 Société PRIX NATIONAL D’EXCELLENCE 2026 : LE DÉLAI DE SOUMISSION DES CANDIDATURES PROROGÉ AU 15 MAI lundi 04 mai 2026 Société INSERTION DES JEUNES : LE GOUVERNEMENT…","protection civile; risque; protection","Signal de veille","À analyser","",""
"2026-07-28","Environnement","Ministère de l'Environnement et de la Transition Écologique","https://www.environnement.gouv.ci/actualite/581","Environnement GESTION DU LITTORAL IVOIRIEN : LE MINISTRE ABOU BAMBA SCELLE UN PARTENARIAT STRATEGIQUE A NOUAKCHOTT Mardi 28 Avril 2026 Environnement FORUM REGIONAL COTIER ET MARIN : LE MINISTRE ABOU BAMBA PLAIDE POUR UNE ECONOMIE BLEUE DURABLE ET INCLUSIVE Lundi 27 Avril 2026 Environnement…","littoral; environnement","Signal de veille","À analyser","",""
"2026-07-28","Eau / Assainissement","Portail officiel du Gouvernement","https://www.gouv.ci/actualite/saison-des-pluies-le-gouvernement-mobilise-de-grands-moyens-pour-la-construction-et-lentretien-des-ouvrages-de-drainage-4209","Société SAISON DES PLUIES : LE GOUVERNEMENT MOBILISE DE GRANDS MOYENS POUR LA CONSTRUCTION ET L’ENTRETIEN DES OUVRAGES DE DRAINAGE mardi 21 avril 2026 Société PROTECTION DE LA PETITE ENFANCE : NASSÉNÉBA TOURÉ APPELLE A INVESTIR DANS LA GARDE DES ENFANTS, LEVIER DE DÉVELOPPEMENT INTÉGRAL mardi 21…","drainage; protection","Signal de veille","À analyser","",""
"2026-07-28","Eau / Assainissement","Portail officiel du Gouvernement","https://www.gouv.ci/actualite/saison-des-pluies-le-plan-dassainissement-urbain-au-centre-de-la-tribune-tout-savoir-sur-ce-21-avril-2026-4780","Société SAISON DES PLUIES : LE PLAN D’ASSAINISSEMENT URBAIN AU CENTRE DE LA TRIBUNE “TOUT SAVOIR SUR”, CE 21 AVRIL 2026 lundi 20 avril 2026 Société EAU POTABLE : UNE NOUVELLE USINE DE TRAITEMENT MET FIN A LA PENURIE A BOUAFLÉ lundi 20 avril 2026 Société PROTECTION DE LA PETITE ENFANCE : LE…","assainissement; eau potable; protection","Signal de veille","À analyser","",""
"2026-07-28","Eau / Assainissement","Portail officiel du Gouvernement","https://www.gouv.ci/actualite/eau-potable-une-nouvelle-usine-de-traitement-met-fin-a-la-penurie-a-bouafle-0364","Société EAU POTABLE : UNE NOUVELLE USINE DE TRAITEMENT MET FIN A LA PENURIE A BOUAFLÉ lundi 20 avril 2026 Société PROTECTION DE LA PETITE ENFANCE : LE GOUVERNEMENT AMÉLIORE L’ACCÈS À DES SERVICES DE GARDE D’ENFANTS lundi 20 avril 2026 Société SYSTÈME DE RÉCÉPISSÉS D'ENTREPOSAGE: LES AVANTAGES…","eau potable; protection","Signal de veille","À analyser","",""
"2026-07-28","Incendie / Sécurité","Portail officiel du Gouvernement","https://www.gouv.ci/actualite/securite-bouake-accueille-les-festivites-de-la-36e-journee-mondiale-de-la-protection-civile-1547","Société SÉCURITÉ : BOUAKÉ ACCUEILLE LES FESTIVITÉS DE LA 36E JOURNÉE MONDIALE DE LA PROTECTION CIVILE samedi 18 avril 2026 Économie RÉGION DU SUD COMOÉ : LE CNLVC SATISFAIT DES ACTIONS DU COMITÉ LOCAL DE LUTTE CONTRE LA VIE CHÈRE vendredi 17 avril 2026 Économie PERFORMANCES DES ENTREPRISES…","protection civile; securite; protection","Signal de veille","À analyser","",""
"2026-07-28","Déchets","Ministère de l'Environnement et de la Transition Écologique","https://www.environnement.gouv.ci/actualite/575","Environnement GESTION DES DECHETS INDUSTRIELS DANGEREUX : LA CÔTE D’IVOIRE SE DOTE D’UN SYSTEME DIGITAL DE CONTRÔLE Mercredi 15 Avril 2026 Environnement QUINZAINE NATIONALE DE L’ENVIRONNEMENT : LE COMITE DE PILOTAGE TRACE LES GRANDES LIGNES DE L’EDITION 2026 Jeudi 09 Avril 2026 Environnement…","dechet; dechets industriels; gestion des dechets; environnement","Signal de veille","À analyser","",""
"2026-07-28","Eau / Assainissement","Portail officiel du Gouvernement","https://www.gouv.ci/actualite/eau-potable-une-nouvelle-usine-de-traitement-met-fin-a-la-penurie-a-grand-lahou-1858","Société EAU POTABLE : UNE NOUVELLE USINE DE TRAITEMENT MET FIN A LA PENURIE A GRAND-LAHOU lundi 12 janvier 2026 Société LA CONSTRUCTION D’UNE « GRANDE CÔTE D’IVOIRE » : LES JEUNES RESTERONT AU CŒUR DES POLITIQUES PUBLIQUES lundi 12 janvier 2026 Société ENVIRONNEMENT : L'ANCIENNE DECHARGE D'AKOUEDO…","decharge; eau potable; environnement","Signal de veille","À analyser","",""
"2026-07-28","Déchets","Portail officiel du Gouvernement","https://www.gouv.ci/actualite/environnement-lancienne-decharge-dakouedo-reconvertie-en-parc-urbain-1858","Société ENVIRONNEMENT : L'ANCIENNE DECHARGE D'AKOUEDO RECONVERTIE EN PARC URBAIN samedi 10 janvier 2026 Société RETOUR SUR L'ESSENTIEL DE L'ACTUALITÉ GOUVERNEMENTALE DU 05 AU 09 JANVIER 2026 samedi 10 janvier 2026 Économie TRANSPORT AÉRIEN : L'ACQUISITION DE DEUX AVIONS AIRBUS A330-900 NEO…","decharge; environnement","Signal de veille","À analyser","",""
"2026-07-28","Eau / Assainissement","Portail officiel du Gouvernement","https://www.gouv.ci/actualite/acces-universel-a-lelectricite-et-a-leau-potable-le-gouvernement-va-evaluer-les-efforts-qui-restent-a-faire-1858","Société ACCÈS UNIVERSEL A L’ÉLECTRICITÉ ET A L’EAU POTABLE : LE GOUVERNEMENT VA ÉVALUER LES EFFORTS QUI RESTENT A FAIRE lundi 05 janvier 2026 Éducation RETOUR SUR L'ESSENTIEL DE L'ACTUALITÉ GOUVERNEMENTALE DU 29 DÉCEMBRE 2025 AU 02 JANVIER 2026 dimanche 04 janvier 2026 Société PROTECTION SOCIALE :…","eau potable; protection","Signal de veille","À analyser","",""
"2026-07-28","Environnement","Portail officiel du Gouvernement","https://www.gouv.ci/actualite/lutte-contre-les-nuisances-sonores-le-gouvernement-renforce-la-repression-pour-une-meilleure-protection-1858","Société LUTTE CONTRE LES NUISANCES SONORES : LE GOUVERNEMENT RENFORCE LA REPRESSION POUR UNE MEILLEURE PROTECTION lundi 29 décembre 2025 Société RETOUR SUR L'ESSENTIEL DE L'ACTUALITÉ GOUVERNEMENTALE DU 22 AU 26 DÉCEMBRE 2025 dimanche 28 décembre 2025 Économie RESSOURCES HALIEUTIQUES : LE SECTEUR…","nuisance; protection","Signal de veille","À analyser","",""
"2026-07-28","Eau / Assainissement","Portail officiel du Gouvernement","https://www.gouv.ci/actualite/nouveau-chateau-deau-de-galebre-une-reponse-a-la-problematique-de-lacces-a-leau-potable-pour-les-populations-1858","Société NOUVEAU CHATEAU D'EAU DE GALEBRE : UNE RÉPONSE A LA PROBLÉMATIQUE DE L'ACCES A L'EAU POTABLE POUR LES POPULATIONS vendredi 26 décembre 2025 Économie BAFING/ SÉCURITÉ ALIMENTAIRE : UN IMPORTANT PROJET DE PRODUCTION ET DE TRANSFORMATION DE SOJA, DE MAÏS ET DE BLÉ LANCÉ mercredi 24 décembre…","eau potable; securite","Signal de veille","À analyser","",""
"2026-07-28","Environnement","Portail officiel du Gouvernement","https://www.gouv.ci/actualite/assinie-pollution-de-la-lagune-aby-le-ministre-assahore-konan-lance-un-appel-a-une-action-collective-contre-lorpaillage-clandestin-1858","Société ASSINIE / POLLUTION DE LA LAGUNE ABY : LE MINISTRE ASSAHORÉ KONAN LANCE UN APPEL A UNE ACTION COLLECTIVE CONTRE L'ORPAILLAGE CLANDESTIN jeudi 20 novembre 2025 Société VOIE DE CONTOURNEMENT D'ABIDJAN : LE MINISTRE AMÉDÉ KOFFI KOUAKOU ANNONCE LA FIN DES TRAVAUX DE LA Y4 POUR FIN DÉCEMBRE…","pollution; orpaillage","Signal de veille","À analyser","",""
"2026-07-28","Eau / Assainissement","Portail officiel du Gouvernement","https://www.gouv.ci/actualite/daloa-acces-a-leau-potable-plus-de-20-000-habitants-du-quartier-orly-soulages-par-le-nouveau-chateau-deau-1858","Société DALOA / ACCES A L'EAU POTABLE : PLUS DE 20 000 HABITANTS DU QUARTIER ORLY SOULAGES PAR LE NOUVEAU CHATEAU D'EAU vendredi 14 novembre 2025 Société SITUATION SECURITAIRE GENERALE : LE CONSEIL NATIONAL DE SECURITE SATISFAIT DU CLIMAT DE PAIX ET DE STABILITE OBSERVE SUR L'ENSEMBLE DU…","eau potable; securite","Signal de veille","À analyser","",""
"2026-07-28","Environnement","Portail officiel du Gouvernement","https://www.gouv.ci/actualite/environnement-le-gouvernement-lance-linitiative-biofin-pour-proteger-la-biodiversite-et-renforcer-la-durabilite-1858","Société ENVIRONNEMENT : LE GOUVERNEMENT LANCE L'INITIATIVE BIOFIN POUR PROTÉGER LA BIODIVERSITÉ ET RENFORCER LA DURABILITÉ samedi 04 octobre 2025 Économie FILIÈRE PÉTROLIÈRE ET GAZIÈRE : LE PREMIER MINISTRE BEUGRÉ MAMBÉ LANCE LES TRAVAUX DE CONSTRUCTION DU COMPLEXE D'HYDRODÉSULFURATION DE LA SIR…","biodiversite; environnement","Signal de veille","À analyser","",""
"2026-07-28","Eau / Assainissement","Portail officiel du Gouvernement","https://www.gouv.ci/actualite/bouake-fofana-ministre-de-lhydraulique-de-lassainissement-et-de-la-salubrite-a-ce-jour-80-de-la-population-a-acces-a-leau-potable-a-travers-lhydraulique-urbaine-lhydraulique-villageoise-amelioree-et-les-pompes-a-motricite-humaine-1858","Société BOUAKE FOFANA, MINISTRE DE L'HYDRAULIQUE, DE L'ASSAINISSEMENT ET DE LA SALUBRITE : ""À CE JOUR, 80 % DE LA POPULATION A ACCES A L’EAU POTABLE A TRAVERS L'HYDRAULIQUE URBAINE, L'HYDRAULIQUE VILLAGEOISE AMELIOREE ET LES POMPES A MOTRICITE HUMAINE"" dimanche 28 septembre 2025 Économie INVEST IN…","assainissement; eau potable; salubrite","Signal de veille","À analyser","",""
"2026-07-28","Environnement","Portail officiel du Gouvernement","https://www.gouv.ci/actualite/environnement-et-changements-climatiques-le-ministre-jacques-konan-assahore-invite-la-jeunesse-a-saisir-des-milliers-dopportunites-demplois-verts-2349","Société ENVIRONNEMENT ET CHANGEMENTS CLIMATIQUES : LE MINISTRE JACQUES KONAN ASSAHORÉ INVITE LA JEUNESSE A SAISIR DES MILLIERS D'OPPORTUNITÉS D'EMPLOIS VERTS jeudi 31 juillet 2025 Économie ECONOMIE NATIONALE : LE GOUVERNEMENT AMBITIONNE DE FAIRE DU COMMERCE ÉLECTRONIQUE UN LEVIER DE CRÉATION DE…","changement climatique; environnement","Signal de veille","À analyser","",""
"2026-07-28","SST / Travail","Portail officiel du Gouvernement","https://www.gouv.ci/actualite/sante-et-securite-au-travail-sst-les-activites-du-comite-technique-consultatif-lancees-2365","Santé SANTE ET SECURITE AU TRAVAIL (SST) : LES ACTIVITES DU COMITE TECHNIQUE CONSULTATIF LANCEES jeudi 10 juillet 2025 Santé CMU : LE GOUVERNEMENT REAFFIRME A AKOUPE SON ENGAGEMENT POUR UNE SANTE ACCESSIBLE A TOUS jeudi 10 juillet 2025 Société SEMAINE DE LA SÉCURITÉ ROUTIÈRE : LA CONDUITE EN TEMPS…","sante et securite au travail; securite au travail; securite","Signal de veille","À analyser","",""
"2026-07-28","Eau / Assainissement","Portail officiel du Gouvernement","https://www.gouv.ci/actualite/acces-a-leau-potable-des-zones-rurales-alimentees-2365","Société ACCÈS A L’EAU POTABLE : DES ZONES RURALES ALIMENTÉES lundi 09 juin 2025 Société SÉCURITÉ : LA GESTION DES URGENCES PAR LE GSPM AU CENTRE DE ""TOUT SAVOIR SUR"", CE MARDI 10 JUIN 2025 lundi 09 juin 2025 Économie PSTACI : UN PROGRAMME POUR RENFORCER LA SÉCURITÉ ALIMENTAIRE samedi 07 juin 2025…","eau potable; securite; urgence","Signal de veille","À analyser","",""
"2026-07-28","Eau / Assainissement","Portail officiel du Gouvernement","https://www.gouv.ci/actualite/stations-de-traitement-de-boues-de-vidange-des-ouvrages-strategiques-pour-la-preservation-de-lenvironnement-2365","Société STATIONS DE TRAITEMENT DE BOUES DE VIDANGE : DES OUVRAGES STRATÉGIQUES POUR LA PRÉSERVATION DE L’ENVIRONNEMENT samedi 07 juin 2025 Santé ÉPIDÉMIE DE CHOLERA A VRIDI AKOBRAKRE : LE MINISTÈRE DE LA SANTÉ RASSURE SUR LES MESURES PRISES POUR CONTRÔLER LA SITUATION vendredi 06 juin 2025…","boues; environnement","Signal de veille","À analyser","",""
"2026-07-28","Environnement","Portail officiel du Gouvernement","https://www.gouv.ci/actualite/restauration-durable-des-forets-letat-mobilise-plus-de-98-milliards-fcfa-pour-le-reboisement-denviron-140-000-hectares-2365","Société RESTAURATION DURABLE DES FORETS : L’ÉTAT MOBILISE PLUS DE 98 MILLIARDS FCFA POUR LE REBOISEMENT D’ENVIRON 140 000 HECTARES mercredi 04 juin 2025 Société RÉDUCTION DES RISQUES DE CATASTROPHE EN AFRIQUE DE L’OUEST : LA COTE D’IVOIRE ÉLUE A LA PRÉSIDENCE DU GECEAO mercredi 04 juin 2025…","reboisement; risque","Signal de veille","À analyser","",""
"2026-07-28","SST / Travail","Portail officiel du Gouvernement","https://www.gouv.ci/actualite/zones-frontalieres-du-nord-quand-le-psgouv-2-reduit-considerablement-la-penibilite-dacces-des-populations-a-leau-potable-2365","Société ZONES FRONTALIÈRES DU NORD : QUAND LE PSGOUV 2 RÉDUIT CONSIDÉRABLEMENT LA PÉNIBILITÉ D’ACCÈS DES POPULATIONS A L’EAU POTABLE jeudi 29 mai 2025 Économie 60EMES ASSEMBLÉES ANNUELLES DE LA BAD : ALASSANE OUATTARA SALUE LA QUALITÉ DE LA COOPÉRATION ENTRE L’INSTITUTION BANCAIRE ET LA COTE…","penibilite; eau potable","Signal de veille","À analyser","",""
"2026-07-28","Eau / Assainissement","Portail officiel du Gouvernement","https://www.gouv.ci/actualite/prof-daniel-ekra-directeur-general-inhp-il-y-a-une-resurgence-de-cas-de-dengue-en-saison-de-pluie-la-population-doit-veiller-a-lassainissement-de-son-environnement-2374","Santé PROF DANIEL EKRA, DIRECTEUR GÉNÉRAL INHP : ""IL Y A UNE RÉSURGENCE DE CAS DE DENGUE EN SAISON DE PLUIE. LA POPULATION DOIT VEILLER À L’ASSAINISSEMENT DE SON ENVIRONNEMENT"" dimanche 18 mai 2025 Économie 7EME ÉDITION DU SARA : LE SALON DEDIE A L’AGRICULTURE ORGANISE SOUS LE SCEAU DE…","assainissement; environnement","Signal de veille","À analyser","",""
"2026-07-28","Social / CNPS","Portail officiel du Gouvernement","https://www.gouv.ci/actualite/protection-sociale-environ-12-million-de-travailleurs-du-secteur-prive-et-pres-dun-million-de-travailleurs-independants-declares-a-la-cnps-2374","Société PROTECTION SOCIALE : ENVIRON 1,2 MILLION DE TRAVAILLEURS DU SECTEUR PRIVE ET PRES D’UN MILLION DE TRAVAILLEURS INDÉPENDANTS DÉCLARÉS A LA CNPS mardi 29 avril 2025 Société NOUVELLE STATION DE TRAITEMENT D’EAU POTABLE DE GBEMOU (BAGOUE) : UN PAS DE PLUS VERS LE DÉVELOPPEMENT DURABLE ET…","eau potable; cnps; protection","Signal de veille","À analyser","",""
"2026-07-28","Eau / Assainissement","Portail officiel du Gouvernement","https://www.gouv.ci/actualite/station-de-traitement-des-boues-de-vidange-danyama-yapokoi-un-atout-pour-une-preservation-efficace-de-lenvironnement-2374","Société STATION DE TRAITEMENT DES BOUES DE VIDANGE D’ANYAMA-YAPOKOI : UN ATOUT POUR UNE PRÉSERVATION EFFICACE DE L’ENVIRONNEMENT jeudi 13 février 2025 Société PROFESSIONNALISATION DU TRANSPORT : LE MINISTRE AMADOU KONÉ EXHORTE LES PROPRIÉTAIRES DE VÉHICULES A RENOUVELER LEURS PARCS AUTO jeudi 13…","boues; environnement","Signal de veille","À analyser","",""
"2026-07-28","Environnement","Portail officiel du Gouvernement","https://www.gouv.ci/actualite/preservation-de-lenvironnement-le-ministre-assahore-konan-jacques-resolument-engage-dans-la-lutte-contre-les-changements-climatiques-2374","Société PRÉSERVATION DE L’ENVIRONNEMENT : LE MINISTRE ASSAHORE KONAN JACQUES RÉSOLUMENT ENGAGE DANS LA LUTTE CONTRE LES CHANGEMENTS CLIMATIQUES lundi 03 février 2025 Société SECTEUR DE LA COMMUNICATION : LE MINISTRE AMADOU COULIBALY S’ENGAGE A POURSUIVRE LES PROJETS INNOVANTS ET STRUCTURANTS…","changement climatique; environnement","Signal de veille","À analyser","",""
"2026-07-28","Incendie / Sécurité","ONPC — Office National de la Protection Civile","https://www.onpc-ci.org/storage/app/public/communique/PncLguQMVm6L5abLbXlYxdo8vbqVW03K775MNbOm.pdf","LISTE DES CABINETS AGRÉÉS EN SÉCURITÉ INCENDIE... LISTE DES CABINETS AGREES EN SECURITE INCENDIE ET ... LISTE DES CABINETS AGREES EN SECURITE INCENDIE ET ... Voir plus Conseils pratiques Risque d’inondation Ranimation Premiers soins Etouffement Voir plus inscrivez vous à notre newsletter Pour…","securite incendie; incendie; securite; risque","Signal de veille","À analyser","",""
"2026-07-28","Incendie / Sécurité","ONPC — Office National de la Protection Civile","https://www.onpc-ci.org/storage/app/public/communique/f8TQJRkEK8JavbcplSEpnReL6DNlD1K7DYtgaZ35.pdf","LISTE DES CABINETS AGREES EN SECURITE INCENDIE ET ... LISTE DES CABINETS AGREES EN SECURITE INCENDIE ET ... Voir plus Conseils pratiques Risque d’inondation Ranimation Premiers soins Etouffement Voir plus inscrivez vous à notre newsletter Pour recevoir toutes les informations utiles de l'ONPC…","securite incendie; incendie; onpc; securite; risque","Signal de veille","À analyser","",""
"2026-07-28","Incendie / Sécurité","ONPC — Office National de la Protection Civile","https://www.onpc-ci.org/storage/app/public/communique/u1vv6RMim3gheV31W7QvpXn0UmsGKZoGHtvq84XJ.pdf","LISTE DES CABINETS AGREES EN SECURITE INCENDIE ET ... LISTE DES CABINETS AGREES EN SECURITE INCENDIE ET ... Voir plus Conseils pratiques Risque d’inondation Ranimation Premiers soins Etouffement Voir plus inscrivez vous à notre newsletter Pour recevoir toutes les informations utiles de l'ONPC…","securite incendie; incendie; onpc; securite; risque","Signal de veille","À analyser","",""
"2026-07-28","Incendie / Sécurité","ONPC — Office National de la Protection Civile","https://www.onpc-ci.org/actualite/lonpc-ouvre-sa-deuxieme-session-de-formation-au-brevet-national-de-secourisme-bns","L'ONPC OUVRE SA DEUXIÈME SESSION DE FORMATION AU BREVET NATIONAL DE SECOURISME (BNS) L'Office National de la Protection Civile (ONPC) a lancé, le lundi 20 juillet 2026, sa deuxième session de formation au Brevet National de Secourisme (BNS) dans ses locaux. Prévue du 20 juillet au 5 août 2026,…","protection civile; onpc; secourisme; protection","Signal de veille","À analyser","",""
"2026-07-28","Incendie / Sécurité","ONPC — Office National de la Protection Civile","https://www.onpc-ci.org/actualite/letat-offre-26-nouveaux-vehicules-dintervention-a-lonpc","L’ETAT OFFRE 26 NOUVEAUX VEHICULES D’INTERVENTION A L’ONPC La protection civile ivoirienne est passée à la vitesse supérieure par l'acquisition de plusieurs véhicules d'intervention, le mercredi 15 juillet 2026, au siège de l'Office National de la Protection Civile (ONPC) à Abidjan Cocody Lycée…","protection civile; onpc; protection","Signal de veille","À analyser","",""
"2026-07-28","Incendie / Sécurité","ONPC — Office National de la Protection Civile","https://www.onpc-ci.org/actualite/le-directeur-general-de-lonpc-exhorte-les-pompiers-civils-a-plus-dabnegation","LE DIRECTEUR GENERAL DE L’ONPC EXHORTE LES POMPIERS CIVILS A PLUS D’ABNEGATION >. C'est le message adressé aux pompiers civils par le Directeur Général de l'Office National de la Protection Civile (ONPC), Amankou Kassi Gabin, le samedi 11 juillet 2026, au Centre de Formation et de Perfectionnement…","protection civile; onpc; protection","Signal de veille","À analyser","",""
"2026-07-28","Environnement","ANARE-CI — Régulation du secteur électricité","https://anare.ci/preservation-de-lenvironnement-lanare-ci-mobilisee-pour-le-reboisement-de-la-reserve-naturelle-daghien/","PRÉSERVATION DE L’ENVIRONNEMENT : L’ANARE-CI MOBILISÉE POUR LE REBOISEMENT DE LA RÉSERVE NATURELLE D’AGHIEN Actualités Le 19 juin, le personnel de l’ANARE-CI a délaissé, le temps d’une matinée, leurs activités quotidiennes pour se mobiliser en faveur de l’environnement à la Réserve naturelle…","reboisement; environnement","Signal de veille","À analyser","",""
